[{
	"SalesOrderNumber": "SalesOrderNumber 1",
	"TotalAmount": 2606.6,
	"Currency": "Currency 1",
	"CustomerID": "CustomerID 1",
	"CustomerName": "CustomerName 1",
	"NetPriceAmount": 9163.05,
	"TaxAmount": 511.19,
	"OrderDate": "OrderDate 1",
	"RequestedDate": "RequestedDate 1",
	"Status": "Status 1",
	"SalesOrganization": "SalesOrganization 1",
	"SalesOrganizationName": "SalesOrganizationName 1",
	"DistributionChannel": "DistributionChannel 1",
	"Division": "Division 1",
	"DistributionChannelName": "DistributionChannelName 1",
	"DivisionName": "DivisionName 1",
	"__metadata": {
		"uri": "Orders('SalesOrderNumber%201')",
		"type": "ISM.Order"
	}
}, {
	"SalesOrderNumber": "SalesOrderNumber 2",
	"TotalAmount": 6065.74,
	"Currency": "Currency 2",
	"CustomerID": "CustomerID 2",
	"CustomerName": "CustomerName 2",
	"NetPriceAmount": 6109.97,
	"TaxAmount": 2130.57,
	"OrderDate": "OrderDate 2",
	"RequestedDate": "RequestedDate 2",
	"Status": "Status 2",
	"SalesOrganization": "SalesOrganization 2",
	"SalesOrganizationName": "SalesOrganizationName 2",
	"DistributionChannel": "DistributionChannel 2",
	"Division": "Division 2",
	"DistributionChannelName": "DistributionChannelName 2",
	"DivisionName": "DivisionName 2",
	"__metadata": {
		"uri": "Orders('SalesOrderNumber%202')",
		"type": "ISM.Order"
	}
}, {
	"SalesOrderNumber": "SalesOrderNumber 3",
	"TotalAmount": 2369.37,
	"Currency": "Currency 3",
	"CustomerID": "CustomerID 3",
	"CustomerName": "CustomerName 3",
	"NetPriceAmount": 8603.38,
	"TaxAmount": 7343.83,
	"OrderDate": "OrderDate 3",
	"RequestedDate": "RequestedDate 3",
	"Status": "Status 3",
	"SalesOrganization": "SalesOrganization 3",
	"SalesOrganizationName": "SalesOrganizationName 3",
	"DistributionChannel": "DistributionChannel 3",
	"Division": "Division 3",
	"DistributionChannelName": "DistributionChannelName 3",
	"DivisionName": "DivisionName 3",
	"__metadata": {
		"uri": "Orders('SalesOrderNumber%203')",
		"type": "ISM.Order"
	}
}, {
	"SalesOrderNumber": "SalesOrderNumber 4",
	"TotalAmount": 5370.35,
	"Currency": "Currency 4",
	"CustomerID": "CustomerID 4",
	"CustomerName": "CustomerName 4",
	"NetPriceAmount": 8947.48,
	"TaxAmount": 2947.08,
	"OrderDate": "OrderDate 4",
	"RequestedDate": "RequestedDate 4",
	"Status": "Status 4",
	"SalesOrganization": "SalesOrganization 4",
	"SalesOrganizationName": "SalesOrganizationName 4",
	"DistributionChannel": "DistributionChannel 4",
	"Division": "Division 4",
	"DistributionChannelName": "DistributionChannelName 4",
	"DivisionName": "DivisionName 4",
	"__metadata": {
		"uri": "Orders('SalesOrderNumber%204')",
		"type": "ISM.Order"
	}
}, {
	"SalesOrderNumber": "SalesOrderNumber 5",
	"TotalAmount": 7842.41,
	"Currency": "Currency 5",
	"CustomerID": "CustomerID 5",
	"CustomerName": "CustomerName 5",
	"NetPriceAmount": 7031.13,
	"TaxAmount": 3959.66,
	"OrderDate": "OrderDate 5",
	"RequestedDate": "RequestedDate 5",
	"Status": "Status 5",
	"SalesOrganization": "SalesOrganization 5",
	"SalesOrganizationName": "SalesOrganizationName 5",
	"DistributionChannel": "DistributionChannel 5",
	"Division": "Division 5",
	"DistributionChannelName": "DistributionChannelName 5",
	"DivisionName": "DivisionName 5",
	"__metadata": {
		"uri": "Orders('SalesOrderNumber%205')",
		"type": "ISM.Order"
	}
}, {
	"SalesOrderNumber": "SalesOrderNumber 6",
	"TotalAmount": 8246.52,
	"Currency": "Currency 6",
	"CustomerID": "CustomerID 6",
	"CustomerName": "CustomerName 6",
	"NetPriceAmount": 4564.4,
	"TaxAmount": 6679.4,
	"OrderDate": "OrderDate 6",
	"RequestedDate": "RequestedDate 6",
	"Status": "Status 6",
	"SalesOrganization": "SalesOrganization 6",
	"SalesOrganizationName": "SalesOrganizationName 6",
	"DistributionChannel": "DistributionChannel 6",
	"Division": "Division 6",
	"DistributionChannelName": "DistributionChannelName 6",
	"DivisionName": "DivisionName 6",
	"__metadata": {
		"uri": "Orders('SalesOrderNumber%206')",
		"type": "ISM.Order"
	}
}, {
	"SalesOrderNumber": "SalesOrderNumber 7",
	"TotalAmount": 1338.17,
	"Currency": "Currency 7",
	"CustomerID": "CustomerID 7",
	"CustomerName": "CustomerName 7",
	"NetPriceAmount": 8270.96,
	"TaxAmount": 1905.66,
	"OrderDate": "OrderDate 7",
	"RequestedDate": "RequestedDate 7",
	"Status": "Status 7",
	"SalesOrganization": "SalesOrganization 7",
	"SalesOrganizationName": "SalesOrganizationName 7",
	"DistributionChannel": "DistributionChannel 7",
	"Division": "Division 7",
	"DistributionChannelName": "DistributionChannelName 7",
	"DivisionName": "DivisionName 7",
	"__metadata": {
		"uri": "Orders('SalesOrderNumber%207')",
		"type": "ISM.Order"
	}
}, {
	"SalesOrderNumber": "SalesOrderNumber 8",
	"TotalAmount": 5269,
	"Currency": "Currency 8",
	"CustomerID": "CustomerID 8",
	"CustomerName": "CustomerName 8",
	"NetPriceAmount": 1967.74,
	"TaxAmount": 9149.63,
	"OrderDate": "OrderDate 8",
	"RequestedDate": "RequestedDate 8",
	"Status": "Status 8",
	"SalesOrganization": "SalesOrganization 8",
	"SalesOrganizationName": "SalesOrganizationName 8",
	"DistributionChannel": "DistributionChannel 8",
	"Division": "Division 8",
	"DistributionChannelName": "DistributionChannelName 8",
	"DivisionName": "DivisionName 8",
	"__metadata": {
		"uri": "Orders('SalesOrderNumber%208')",
		"type": "ISM.Order"
	}
}, {
	"SalesOrderNumber": "SalesOrderNumber 9",
	"TotalAmount": 5430.87,
	"Currency": "Currency 9",
	"CustomerID": "CustomerID 9",
	"CustomerName": "CustomerName 9",
	"NetPriceAmount": 3193.3,
	"TaxAmount": 658.64,
	"OrderDate": "OrderDate 9",
	"RequestedDate": "RequestedDate 9",
	"Status": "Status 9",
	"SalesOrganization": "SalesOrganization 9",
	"SalesOrganizationName": "SalesOrganizationName 9",
	"DistributionChannel": "DistributionChannel 9",
	"Division": "Division 9",
	"DistributionChannelName": "DistributionChannelName 9",
	"DivisionName": "DivisionName 9",
	"__metadata": {
		"uri": "Orders('SalesOrderNumber%209')",
		"type": "ISM.Order"
	}
}, {
	"SalesOrderNumber": "SalesOrderNumber 10",
	"TotalAmount": 2583.9,
	"Currency": "Currency 10",
	"CustomerID": "CustomerID 10",
	"CustomerName": "CustomerName 10",
	"NetPriceAmount": 3715.5,
	"TaxAmount": 2435.11,
	"OrderDate": "OrderDate 10",
	"RequestedDate": "RequestedDate 10",
	"Status": "Status 10",
	"SalesOrganization": "SalesOrganization 10",
	"SalesOrganizationName": "SalesOrganizationName 10",
	"DistributionChannel": "DistributionChannel 10",
	"Division": "Division 10",
	"DistributionChannelName": "DistributionChannelName 10",
	"DivisionName": "DivisionName 10",
	"__metadata": {
		"uri": "Orders('SalesOrderNumber%2010')",
		"type": "ISM.Order"
	}
}]