[{
	"PersonID": "PersonID 1",
	"FirstName": "FirstName 1",
	"LastName": "LastName 1",
	"Birthday": "/Date(1092927614000)/",
	"__metadata": {
		"uri": "Persons('PersonID%201')",
		"type": "SmartTbl.Person"
	}
}, {
	"PersonID": "PersonID 2",
	"FirstName": "FirstName 2",
	"LastName": "LastName 2",
	"Birthday": "/Date(1173801614000)/",
	"__metadata": {
		"uri": "Persons('PersonID%202')",
		"type": "SmartTbl.Person"
	}
}, {
	"PersonID": "PersonID 3",
	"FirstName": "FirstName 3",
	"LastName": "LastName 3",
	"Birthday": "/Date(1351526414000)/",
	"__metadata": {
		"uri": "Persons('PersonID%203')",
		"type": "SmartTbl.Person"
	}
}, {
	"PersonID": "PersonID 4",
	"FirstName": "FirstName 4",
	"LastName": "LastName 4",
	"Birthday": "/Date(1204905614000)/",
	"__metadata": {
		"uri": "Persons('PersonID%204')",
		"type": "SmartTbl.Person"
	}
}, {
	"PersonID": "PersonID 5",
	"FirstName": "FirstName 5",
	"LastName": "LastName 5",
	"Birthday": "/Date(1472482814000)/",
	"__metadata": {
		"uri": "Persons('PersonID%205')",
		"type": "SmartTbl.Person"
	}
}, {
	"PersonID": "PersonID 6",
	"FirstName": "FirstName 6",
	"LastName": "LastName 6",
	"Birthday": "/Date(1190905214000)/",
	"__metadata": {
		"uri": "Persons('PersonID%206')",
		"type": "SmartTbl.Person"
	}
}, {
	"PersonID": "PersonID 7",
	"FirstName": "FirstName 7",
	"LastName": "LastName 7",
	"Birthday": "/Date(1006099214000)/",
	"__metadata": {
		"uri": "Persons('PersonID%207')",
		"type": "SmartTbl.Person"
	}
}, {
	"PersonID": "PersonID 8",
	"FirstName": "FirstName 8",
	"LastName": "LastName 8",
	"Birthday": "/Date(957193214000)/",
	"__metadata": {
		"uri": "Persons('PersonID%208')",
		"type": "SmartTbl.Person"
	}
}, {
	"PersonID": "PersonID 9",
	"FirstName": "FirstName 9",
	"LastName": "LastName 9",
	"Birthday": "/Date(1492959614000)/",
	"__metadata": {
		"uri": "Persons('PersonID%209')",
		"type": "SmartTbl.Person"
	}
}, {
	"PersonID": "PersonID 10",
	"FirstName": "FirstName 10",
	"LastName": "LastName 10",
	"Birthday": "/Date(1109606414000)/",
	"__metadata": {
		"uri": "Persons('PersonID%2010')",
		"type": "SmartTbl.Person"
	}
}]